Sample ID,Date,Time,Samp Number,Analyte Name,Elem,Int (Corr),RSD (Corr Int),Conc (Calib),Reported Conc (Calib),RSD (Conc),Calib Units,SD (Calib),Repl No1,Conc (Calib)1,Repl No2,Conc (Calib)2,Repl No3,Conc (Calib)3,Repl No4,Conc (Calib)4
Calib Blank 1,9/14/2018,10:43:14 AM,0,Y 371.029,Y,372475.0642,1.671781114, ,[0.00],1.671781114,mg/L,0.01671781114,1, ,2, ,3, ,4, 
Calib Blank 1,9/14/2018,10:43:14 AM,0,Al 396.153,Al,15112.9137,14.54940751, ,[0.00],0,mg/L,0,1, ,2, ,3, ,4, 
Calib Blank 1,9/14/2018,10:43:14 AM,0,Ca 317.933,Ca,18338.26966,9.703931957, ,[0.00],0,mg/L,0,1, ,2, ,3, ,4, 
Calib Blank 1,9/14/2018,10:43:14 AM,0,Cr 267.716,Cr,58.19961406,9.426319715, ,[0.00],0,mg/L,0,1, ,2, ,3, ,4, 
Calib Blank 1,9/14/2018,10:43:14 AM,0,Cu 327.393,Cu,-1024.092181,0.4357451352, ,[0.00],0,mg/L,0,1, ,2, ,3, ,4, 
Calib Blank 1,9/14/2018,10:43:14 AM,0,Fe 238.204,Fe,1070.110465,2.603287274, ,[0.00],0,mg/L,0,1, ,2, ,3, ,4, 
Calib Blank 1,9/14/2018,10:43:14 AM,0,K 766.490,K,43.6005459,189.4671141, ,[0.00],0,mg/L,0,1, ,2, ,3, ,4, 
Calib Blank 1,9/14/2018,10:43:14 AM,0,Mg 285.213,Mg,11684.03492,7.124373312, ,[0.00],0,mg/L,0,1, ,2, ,3, ,4, 
Calib Blank 1,9/14/2018,10:43:14 AM,0,Mn 257.610,Mn,1088.128849,14.0256756, ,[0.00],0,mg/L,0,1, ,2, ,3, ,4, 
Calib Blank 1,9/14/2018,10:43:14 AM,0,Mo 202.031,Mo,28.6660424,12.34588628, ,[0.00],0,mg/L,0,1, ,2, ,3, ,4, 
Calib Blank 1,9/14/2018,10:43:14 AM,0,Na 589.592,Na,490.345822,4.625462263, ,[0.00],0,mg/L,0,1, ,2, ,3, ,4, 
Calib Blank 1,9/14/2018,10:43:14 AM,0,Ni 231.604,Ni,-65.61925711,25.4545114, ,[0.00],0,mg/L,0,1, ,2, ,3, ,4, 
Calib Blank 1,9/14/2018,10:43:14 AM,0,Pb 220.353,Pb,4.738832424,199.3354955, ,[0.00],0,mg/L,0,1, ,2, ,3, ,4, 
Calib Blank 1,9/14/2018,10:43:14 AM,0,Se 196.026,Se,14.56507255,15.17427272, ,[0.00],0,mg/L,0,1, ,2, ,3, ,4, 
Calib Blank 1,9/14/2018,10:43:14 AM,0,Si 251.611,Si,1377.41875,0.9380507663, ,[0.00],0,mg/L,0,1, ,2, ,3, ,4, 
Calib Blank 1,9/14/2018,10:43:14 AM,0,Zn 206.200,Zn,227.9160755,8.916400383, ,[0.00],0,mg/L,0,1, ,2, ,3, ,4, 
Calib Blank 1,9/14/2018,10:43:14 AM,0,P 213.617,P,54.47173708,17.2142473, ,[0.00],0,mg/L,0,1, ,2, ,3, ,4, 
ULL-STD-50,9/14/2018,10:45:12 AM,0,Y 371.029,Y,358768.2641,1.238537604, ,0.963,1.238537605,mg/L,0.01192960359,1, ,2, ,3, ,4, 
ULL-STD-50,9/14/2018,10:45:12 AM,0,Al 396.153,Al,3197503.001,1.202129192, ,[50],0,mg/L,0,1, ,2, ,3, ,4, 
ULL-STD-50,9/14/2018,10:45:12 AM,0,Ca 317.933,Ca,1589104.693,0.7821273458, ,[50],0,mg/L,0,1, ,2, ,3, ,4, 
ULL-STD-50,9/14/2018,10:45:12 AM,0,Cr 267.716,Cr,1026114.816,0.6930361301, ,[50],0,mg/L,0,1, ,2, ,3, ,4, 
ULL-STD-50,9/14/2018,10:45:12 AM,0,Cu 327.393,Cu,1511085.527,0.5979421001, ,[50],0,mg/L,0,1, ,2, ,3, ,4, 
ULL-STD-50,9/14/2018,10:45:12 AM,0,Fe 238.204,Fe,1512035.967,0.6478776493, ,[50],0,mg/L,0,1, ,2, ,3, ,4, 
ULL-STD-50,9/14/2018,10:45:12 AM,0,K 766.490,K,67240.54676,2.915207717, ,[50],0,mg/L,0,1, ,2, ,3, ,4, 
ULL-STD-50,9/14/2018,10:45:12 AM,0,Mg 285.213,Mg,3928075.078,0.3344880546, ,[50],0,mg/L,0,1, ,2, ,3, ,4, 
ULL-STD-50,9/14/2018,10:45:12 AM,0,Mn 257.610,Mn,9861862.617,1.82341031, ,[50],0,mg/L,0,1, ,2, ,3, ,4, 
ULL-STD-50,9/14/2018,10:45:12 AM,0,Mo 202.031,Mo,202524.0456,0.6606932323, ,[50],0,mg/L,0,1, ,2, ,3, ,4, 
ULL-STD-50,9/14/2018,10:45:12 AM,0,Na 589.592,Na,198070.584,3.256985899, ,[50],0,mg/L,0,1, ,2, ,3, ,4, 
ULL-STD-50,9/14/2018,10:45:12 AM,0,Ni 231.604,Ni,422243.4779,0.6115512488, ,[50],0,mg/L,0,1, ,2, ,3, ,4, 
ULL-STD-50,9/14/2018,10:45:12 AM,0,Pb 220.353,Pb,82185.12207,0.4603832149, ,[50],0,mg/L,0,1, ,2, ,3, ,4, 
ULL-STD-50,9/14/2018,10:45:12 AM,0,Se 196.026,Se,34848.80308,1.582972372, ,[50],0,mg/L,0,1, ,2, ,3, ,4, 
ULL-STD-50,9/14/2018,10:45:12 AM,0,Si 251.611,Si,454909.7901,0.2332605265, ,[50],0,mg/L,0,1, ,2, ,3, ,4, 
ULL-STD-50,9/14/2018,10:45:12 AM,0,Zn 206.200,Zn,671439.2605,1.175048056, ,[50],0,mg/L,0,1, ,2, ,3, ,4, 
ULL-STD-20,9/14/2018,10:47:03 AM,0,Y 371.029,Y,370703.3846,1.259974573, ,0.995,1.259974573,mg/L,0.01253981497,1, ,2, ,3, ,4, 
ULL-STD-20,9/14/2018,10:47:03 AM,0,Al 396.153,Al,1230490.475,2.549329983, ,[20],0,mg/L,0,1, ,2, ,3, ,4, 
ULL-STD-20,9/14/2018,10:47:03 AM,0,Ca 317.933,Ca,627276.7711,0.7108669638, ,[20],0,mg/L,0,1, ,2, ,3, ,4, 
ULL-STD-20,9/14/2018,10:47:03 AM,0,Cr 267.716,Cr,415089.8609,0.5058749881, ,[20],0,mg/L,0,1, ,2, ,3, ,4, 
ULL-STD-20,9/14/2018,10:47:03 AM,0,Cu 327.393,Cu,604946.5152,0.8408582294, ,[20],0,mg/L,0,1, ,2, ,3, ,4, 
ULL-STD-20,9/14/2018,10:47:03 AM,0,Fe 238.204,Fe,614095.5281,0.4629449524, ,[20],0,mg/L,0,1, ,2, ,3, ,4, 
ULL-STD-20,9/14/2018,10:47:03 AM,0,K 766.490,K,26471.74712,4.252613378, ,[20],0,mg/L,0,1, ,2, ,3, ,4, 
ULL-STD-20,9/14/2018,10:47:03 AM,0,Mg 285.213,Mg,1640318.542,2.124725029, ,[20],0,mg/L,0,1, ,2, ,3, ,4, 
ULL-STD-20,9/14/2018,10:47:03 AM,0,Mn 257.610,Mn,4098604.431,1.499551186, ,[20],0,mg/L,0,1, ,2, ,3, ,4, 
ULL-STD-20,9/14/2018,10:47:03 AM,0,Mo 202.031,Mo,82501.34563,0.3941328348, ,[20],0,mg/L,0,1, ,2, ,3, ,4, 
ULL-STD-20,9/14/2018,10:47:03 AM,0,Na 589.592,Na,78803.5416,4.193146879, ,[20],0,mg/L,0,1, ,2, ,3, ,4, 
ULL-STD-20,9/14/2018,10:47:03 AM,0,Ni 231.604,Ni,171210.7829,0.402409194, ,[20],0,mg/L,0,1, ,2, ,3, ,4, 
ULL-STD-20,9/14/2018,10:47:03 AM,0,Pb 220.353,Pb,32327.95267,0.9094743294, ,[20],0,mg/L,0,1, ,2, ,3, ,4, 
ULL-STD-20,9/14/2018,10:47:03 AM,0,Se 196.026,Se,13699.4477,0.7134862212, ,[20],0,mg/L,0,1, ,2, ,3, ,4, 
ULL-STD-20,9/14/2018,10:47:03 AM,0,Si 251.611,Si,183489.2923,0.4530866902, ,[20],0,mg/L,0,1, ,2, ,3, ,4, 
ULL-STD-20,9/14/2018,10:47:03 AM,0,Zn 206.200,Zn,270406.8374,0.9030451549, ,[20],0,mg/L,0,1, ,2, ,3, ,4, 
ULL-STD-10,9/14/2018,10:49:11 AM,0,Y 371.029,Y,377569.0848,0.5092127747, ,1.014,0.5092127747,mg/L,0.005161768392,1, ,2, ,3, ,4, 
ULL-STD-10,9/14/2018,10:49:11 AM,0,Al 396.153,Al,602120.53,3.755761982, ,[10],0,mg/L,0,1, ,2, ,3, ,4, 
ULL-STD-10,9/14/2018,10:49:11 AM,0,Ca 317.933,Ca,312775.3133,0.5971600089, ,[10],0,mg/L,0,1, ,2, ,3, ,4, 
ULL-STD-10,9/14/2018,10:49:11 AM,0,Cr 267.716,Cr,210339.8634,0.3944967344, ,[10],0,mg/L,0,1, ,2, ,3, ,4, 
ULL-STD-10,9/14/2018,10:49:11 AM,0,Cu 327.393,Cu,303560.7408,0.7019101915, ,[10],0,mg/L,0,1, ,2, ,3, ,4, 
ULL-STD-10,9/14/2018,10:49:11 AM,0,Fe 238.204,Fe,310055.3466,0.4009777245, ,[10],0,mg/L,0,1, ,2, ,3, ,4, 
ULL-STD-10,9/14/2018,10:49:11 AM,0,K 766.490,K,13054.75808,2.435747947, ,[10],0,mg/L,0,1, ,2, ,3, ,4, 
ULL-STD-10,9/14/2018,10:49:11 AM,0,Mg 285.213,Mg,822732.07,2.020977971, ,[10],0,mg/L,0,1, ,2, ,3, ,4, 
ULL-STD-10,9/14/2018,10:49:11 AM,0,Mn 257.610,Mn,2075510.152,0.8196343506, ,[10],0,mg/L,0,1, ,2, ,3, ,4, 
ULL-STD-10,9/14/2018,10:49:11 AM,0,Mo 202.031,Mo,41634.26838,0.5316112608, ,[10],0,mg/L,0,1, ,2, ,3, ,4, 
ULL-STD-10,9/14/2018,10:49:11 AM,0,Na 589.592,Na,39026.36109,1.647153816, ,[10],0,mg/L,0,1, ,2, ,3, ,4, 
ULL-STD-10,9/14/2018,10:49:11 AM,0,Ni 231.604,Ni,86886.41902,0.4285308641, ,[10],0,mg/L,0,1, ,2, ,3, ,4, 
ULL-STD-10,9/14/2018,10:49:11 AM,0,Pb 220.353,Pb,16569.25596,0.4417417691, ,[10],0,mg/L,0,1, ,2, ,3, ,4, 
ULL-STD-10,9/14/2018,10:49:11 AM,0,Se 196.026,Se,6968.088084,1.276222373, ,[10],0,mg/L,0,1, ,2, ,3, ,4, 
ULL-STD-10,9/14/2018,10:49:11 AM,0,Si 251.611,Si,92046.99208,0.3357119664, ,[10],0,mg/L,0,1, ,2, ,3, ,4, 
ULL-STD-10,9/14/2018,10:49:11 AM,0,Zn 206.200,Zn,136478.7351,0.8649283633, ,[10],0,mg/L,0,1, ,2, ,3, ,4, 
ULL-STD-5,9/14/2018,10:51:16 AM,0,Y 371.029,Y,381031.0064,1.403156149, ,1.023,1.403156149,mg/L,0.01435387362,1, ,2, ,3, ,4, 
ULL-STD-5,9/14/2018,10:51:16 AM,0,Al 396.153,Al,292538.8337,2.104470412, ,[5],0,mg/L,0,1, ,2, ,3, ,4, 
ULL-STD-5,9/14/2018,10:51:16 AM,0,Ca 317.933,Ca,150603.8563,0.6417513348, ,[5],0,mg/L,0,1, ,2, ,3, ,4, 
ULL-STD-5,9/14/2018,10:51:16 AM,0,Cr 267.716,Cr,104304.2047,0.2957285339, ,[5],0,mg/L,0,1, ,2, ,3, ,4, 
ULL-STD-5,9/14/2018,10:51:16 AM,0,Cu 327.393,Cu,149386.1597,0.6602401465, ,[5],0,mg/L,0,1, ,2, ,3, ,4, 
ULL-STD-5,9/14/2018,10:51:16 AM,0,Fe 238.204,Fe,154279.5738,0.3263786174, ,[5],0,mg/L,0,1, ,2, ,3, ,4, 
ULL-STD-5,9/14/2018,10:51:16 AM,0,K 766.490,K,6395.481449,3.262641522, ,[5],0,mg/L,0,1, ,2, ,3, ,4, 
ULL-STD-5,9/14/2018,10:51:16 AM,0,Mg 285.213,Mg,405995.1434,1.204430757, ,[5],0,mg/L,0,1, ,2, ,3, ,4, 
ULL-STD-5,9/14/2018,10:51:16 AM,0,Mn 257.610,Mn,1043597.198,0.2964916433, ,[5],0,mg/L,0,1, ,2, ,3, ,4, 
ULL-STD-5,9/14/2018,10:51:16 AM,0,Mo 202.031,Mo,20492.88767,0.2583797507, ,[5],0,mg/L,0,1, ,2, ,3, ,4, 
ULL-STD-5,9/14/2018,10:51:16 AM,0,Na 589.592,Na,19191.51045,2.719309203, ,[5],0,mg/L,0,1, ,2, ,3, ,4, 
ULL-STD-5,9/14/2018,10:51:16 AM,0,Ni 231.604,Ni,43053.71545,0.1087341909, ,[5],0,mg/L,0,1, ,2, ,3, ,4, 
ULL-STD-5,9/14/2018,10:51:16 AM,0,Pb 220.353,Pb,8091.072551,1.453262371, ,[5],0,mg/L,0,1, ,2, ,3, ,4, 
ULL-STD-5,9/14/2018,10:51:16 AM,0,Se 196.026,Se,3514.683489,1.546356679, ,[5],0,mg/L,0,1, ,2, ,3, ,4, 
ULL-STD-5,9/14/2018,10:51:16 AM,0,Si 251.611,Si,44683.3161,0.4477525508, ,[5],0,mg/L,0,1, ,2, ,3, ,4, 
ULL-STD-5,9/14/2018,10:51:16 AM,0,Zn 206.200,Zn,68054.80848,0.6921859753, ,[5],0,mg/L,0,1, ,2, ,3, ,4, 
P-50,9/14/2018,10:53:17 AM,0,Y 371.029,Y,397024.1565,1.101617967, ,1.066,1.101617967,mg/L,0.01174223421,1, ,2, ,3, ,4, 
P-50,9/14/2018,10:53:17 AM,0,P 213.617,P,44638.05841,0.23698843, ,[50],0,mg/L,0,1, ,2, ,3, ,4, 
P25,9/14/2018,10:54:45 AM,0,Y 371.029,Y,399889.8369,0.9964508568, ,1.074,0.9964508568,mg/L,0.01069791266,1, ,2, ,3, ,4, 
P25,9/14/2018,10:54:45 AM,0,P 213.617,P,22638.85147,0.3061076956, ,[25],0,mg/L,0,1, ,2, ,3, ,4, 
6h 1N HCl_CS,9/14/2018,10:56:14 AM,1,Y 371.029,Y,455136.4725,5.148560486,1.221924677,1.222,5.148560486,mg/L,0.06291153109,1,1.132810662,2,1.24200414,3,1.232502393,4,1.280381513
6h 1N HCl_CS,9/14/2018,10:56:14 AM,1,Al 396.153,Al,844.8704895,57.07977163,0.4394844087,0.439,1.708399476,mg/L,0.007508149334,1,0.43563246,2,0.439876109,3,0.4498209061,4,0.4326081595
6h 1N HCl_CS,9/14/2018,10:56:14 AM,1,Ca 317.933,Ca,2201762.248,6.361307101,69.29901637,69.30,6.345381488,mg/L,4.397286956,1,64.18628056,2,67.11930005,3,73.45868082,4,72.43180406
6h 1N HCl_CS,9/14/2018,10:56:14 AM,1,Cr 267.716,Cr,557.4360594,3.265899207,-0.1067213684,-0.107,0.8323118327,mg/L,0.0008882545771,1,-0.107603948,2,-0.1073609767,3,-0.1058592429,4,-0.1060613059
6h 1N HCl_CS,9/14/2018,10:56:14 AM,1,Cu 327.393,Cu,1322.270993,0.9594320649,0.0474129653,0.047,0.8851199649,mg/L,0.0004196616218,1,0.04689118397,2,0.04725516085,3,0.04774111291,4,0.04776440346
6h 1N HCl_CS,9/14/2018,10:56:14 AM,1,Fe 238.204,Fe,24149.2003,4.803998119,0.6448290502,0.645,5.957146609,mg/L,0.0384134119,1,0.6012299605,2,0.6238508142,3,0.6777042833,4,0.6765311429
6h 1N HCl_CS,9/14/2018,10:56:14 AM,1,K 766.490,K,11390.72448,4.885754028,8.661903065,8.662,4.765422373,mg/L,0.4127762666,1,9.025166365,2,8.915241288,3,8.603515828,4,8.103688779
6h 1N HCl_CS,9/14/2018,10:56:14 AM,1,Mg 285.213,Mg,633591.3391,3.589855673,7.745242978,7.745,3.74437717,mg/L,0.2900111098,1,8.052786292,2,7.69476559,3,7.863840578,4,7.369579453
6h 1N HCl_CS,9/14/2018,10:56:14 AM,1,Mn 257.610,Mn,967133.2587,3.239891874,4.546652691,4.547,3.504782709,mg/L,0.1593502973,1,4.409578451,2,4.427713308,3,4.747013286,4,4.602305719
6h 1N HCl_CS,9/14/2018,10:56:14 AM,1,Mo 202.031,Mo,30.47755099,46.70893623,-0.15070428,-0.151,2.334407905,mg/L,0.003518052626,1,-0.1456714048,2,-0.1514622599,3,-0.1518198786,4,-0.1538635768
6h 1N HCl_CS,9/14/2018,10:56:14 AM,1,Na 589.592,Na,4458.69892,6.39631782,1.233486845,1.233,5.826995144,mg/L,0.07187521856,1,1.287770135,2,1.277567647,3,1.238019793,4,1.130589805
6h 1N HCl_CS,9/14/2018,10:56:14 AM,1,Ni 231.604,Ni,625.7799472,2.282048479,-0.083765868,-0.084,2.021810372,mg/L,0.001693587008,1,-0.08526130986,2,-0.08507410465,3,-0.082966762,4,-0.08176129549
6h 1N HCl_CS,9/14/2018,10:56:14 AM,1,Pb 220.353,Pb,38.31562482,17.7833399,0.08243482813,0.082,5.030699272,mg/L,0.004147048299,1,0.08490545662,2,0.07738444127,3,0.08083887645,4,0.08661053818
6h 1N HCl_CS,9/14/2018,10:56:14 AM,1,Se 196.026,Se,56.63516976,26.21250219,0.1257393949,0.126,16.9561061,mg/L,0.0213205052,1,0.0938830063,2,0.1337056292,3,0.1375585542,4,0.1378103897
6h 1N HCl_CS,9/14/2018,10:56:14 AM,1,Si 251.611,Si,19391.42408,1.925053618,2.099221217,2.099,1.953589314,mg/L,0.04101016138,1,2.131814206,2,2.045179297,3,2.1303496,4,2.089541765
6h 1N HCl_CS,9/14/2018,10:56:14 AM,1,Zn 206.200,Zn,17454.39231,9.790198071,1.210848281,1.211,10.51950167,mg/L,0.1273752051,1,1.056973021,2,1.157181056,3,1.297610408,4,1.33162864
6h 1N HCl_CS,9/14/2018,10:56:14 AM,1,P 213.617,P,3204.976183,2.245357355,3.470546066,3.471,2.322614705,mg/L,0.08060741327,1,3.444956528,2,3.37751886,3,3.490175644,4,3.569533233
6h 5N HCl_CS,9/14/2018,10:58:19 AM,2,Y 371.029,Y,450990.506,0.8492595115,1.210793821,1.211,0.8492595115,mg/L,0.01028278169,1,1.204298116,2,1.200507344,3,1.222951888,4,1.215417934
6h 5N HCl_CS,9/14/2018,10:58:19 AM,2,Al 396.153,Al,19807.59733,2.951330565,0.7347149774,0.735,1.238771757,mg/L,0.009101441632,1,0.7308285994,2,0.7311136886,3,0.7482670453,4,0.7286505764
6h 5N HCl_CS,9/14/2018,10:58:19 AM,2,Ca 317.933,Ca,4616247.088,0.5134726224,145.1030835,145.1,0.5128586943,mg/L,0.7441737793,1,144.4523782,2,146.0253739,3,144.5486815,4,145.3859002
6h 5N HCl_CS,9/14/2018,10:58:19 AM,2,Cr 267.716,Cr,1970.551083,0.6407269421,-0.03777408936,-0.038,1.630821012,mg/L,0.0006160277863,1,-0.03747829758,2,-0.03765840109,3,-0.03867009608,4,-0.03728956267
6h 5N HCl_CS,9/14/2018,10:58:19 AM,2,Cu 327.393,Cu,2259.376003,0.9486275745,0.07841233151,0.078,0.9041998776,mg/L,0.0007090042056,1,0.07855597088,2,0.07867054391,3,0.07739286652,4,0.07902994474
6h 5N HCl_CS,9/14/2018,10:58:19 AM,2,Fe 238.204,Fe,54760.72004,0.3478390256,1.658418757,1.658,0.380303704,mg/L,0.006307027963,1,1.662368423,2,1.662943206,3,1.65904791,4,1.64931549
6h 5N HCl_CS,9/14/2018,10:58:19 AM,2,K 766.490,K,22188.11734,2.478254984,16.67039377,16.67,2.446540201,mg/L,0.4078478854,1,16.79060091,2,17.02821025,3,16.08332736,4,16.77943656
6h 5N HCl_CS,9/14/2018,10:58:19 AM,2,Mg 285.213,Mg,1254109.997,0.3907154481,15.65718797,15.66,0.3990348821,mg/L,0.06247764155,1,15.6927825,2,15.57573487,3,15.71724733,4,15.64298717
6h 5N HCl_CS,9/14/2018,10:58:19 AM,2,Mn 257.610,Mn,1962462.238,0.2515313924,9.608426006,9.608,0.2612626315,mg/L,0.02510322663,1,9.602366771,2,9.640948555,3,9.580262304,4,9.610126395
6h 5N HCl_CS,9/14/2018,10:58:19 AM,2,Mo 202.031,Mo,41.75226134,20.57029648,-0.1479179813,-0.148,1.434900778,mg/L,0.002122476263,1,-0.1458065761,2,-0.1468955881,3,-0.1482396794,4,-0.1507300814
6h 5N HCl_CS,9/14/2018,10:58:19 AM,2,Na 589.592,Na,4406.839835,3.217490513,1.220417138,1.220,2.928041585,mg/L,0.03573432131,1,1.216969939,2,1.253822666,3,1.171865202,4,1.239010745
6h 5N HCl_CS,9/14/2018,10:58:19 AM,2,Ni 231.604,Ni,912.9909155,0.6237769999,-0.04970450474,-0.050,1.3588173,mg/L,0.0006753934092,1,-0.04918324494,2,-0.05002341248,3,-0.05050374298,4,-0.04910761858
6h 5N HCl_CS,9/14/2018,10:58:19 AM,2,Pb 220.353,Pb,42.08598475,15.32800167,0.08472956378,0.085,4.633806709,mg/L,0.003926204211,1,0.08252809303,2,0.08986315393,3,0.08558151565,4,0.08094549253
6h 5N HCl_CS,9/14/2018,10:58:19 AM,2,Se 196.026,Se,102.1735181,9.944896721,0.1911397459,0.191,7.634672731,mg/L,0.01459289406,1,0.1949599217,2,0.2074578648,3,0.1722613005,4,0.1898798965
6h 5N HCl_CS,9/14/2018,10:58:19 AM,2,Si 251.611,Si,29680.96706,1.258936991,3.229628714,3.230,1.271066835,mg/L,0.04105073949,1,3.241880094,2,3.272448849,3,3.22998017,4,3.174205742
6h 5N HCl_CS,9/14/2018,10:58:19 AM,2,Zn 206.200,Zn,34409.50344,0.38946819,2.474680218,2.475,0.4036639782,mg/L,0.009989392615,1,2.465715525,2,2.468493712,3,2.476513607,4,2.487998026
6h 5N HCl_CS,9/14/2018,10:58:19 AM,2,P 213.617,P,7547.338767,0.5852105677,8.334514996,8.335,0.5935951992,mg/L,0.04947328089,1,8.326085758,2,8.360153844,3,8.26904927,4,8.382771112
6h 1/2 Conc HNO3_CS,9/14/2018,11:00:25 AM,3,Y 371.029,Y,467223.0287,1.661757479,1.25437398,1.254,1.661757479,mg/L,0.02084465343,1,1.259317363,2,1.274396736,3,1.258720898,4,1.225060924
6h 1/2 Conc HNO3_CS,9/14/2018,11:00:25 AM,3,Al 396.153,Al,19777.12586,8.841013443,0.7342405673,0.734,3.707553158,mg/L,0.02722235934,1,0.7331974637,2,0.6986743855,3,0.7405658672,4,0.7645245527
6h 1/2 Conc HNO3_CS,9/14/2018,11:00:25 AM,3,Ca 317.933,Ca,4244864.038,1.390548393,133.4433103,133.4,1.388740528,mg/L,1.853181331,1,133.2992583,2,130.8774762,3,134.6823936,4,134.9141129
6h 1/2 Conc HNO3_CS,9/14/2018,11:00:25 AM,3,Cr 267.716,Cr,719.9661931,3.593580955,-0.09879136248,-0.099,1.277792044,mg/L,0.00126234817,1,-0.1003843978,2,-0.09896177848,3,-0.0984836077,4,-0.09733566592
6h 1/2 Conc HNO3_CS,9/14/2018,11:00:25 AM,3,Cu 327.393,Cu,2034.988649,2.115410806,0.07098961401,0.071,2.005979312,mg/L,0.001424036971,1,0.06908992494,2,0.07175904452,3,0.07076605455,4,0.07234343201
6h 1/2 Conc HNO3_CS,9/14/2018,11:00:25 AM,3,Fe 238.204,Fe,31701.81692,2.51558734,0.8949066202,0.895,2.950686936,mg/L,0.02640589273,1,0.8974402256,2,0.8576283267,3,0.9054919723,4,0.9190659562
6h 1/2 Conc HNO3_CS,9/14/2018,11:00:25 AM,3,K 766.490,K,19967.26905,3.751157423,15.02317735,15.02,3.697889581,mg/L,0.55554051,1,14.35190694,2,14.83614546,3,15.26265842,4,15.64199857
6h 1/2 Conc HNO3_CS,9/14/2018,11:00:25 AM,3,Mg 285.213,Mg,1117328.041,1.501672973,13.91314482,13.91,1.537655944,mg/L,0.2139362984,1,13.84266238,2,13.66849871,3,14.1775588,4,13.9638594
6h 1/2 Conc HNO3_CS,9/14/2018,11:00:25 AM,3,Mn 257.610,Mn,1811685.833,1.378122464,8.841648388,8.842,1.436063035,mg/L,0.1269716442,1,8.833739984,2,8.66499124,3,8.93953843,4,8.928323898
6h 1/2 Conc HNO3_CS,9/14/2018,11:00:25 AM,3,Mo 202.031,Mo,9.474135611,54.59341513,-0.1558948161,-0.156,0.819918101,mg/L,0.001278209815,1,-0.1555779257,2,-0.1551502516,3,-0.1577826216,4,-0.1550684654
6h 1/2 Conc HNO3_CS,9/14/2018,11:00:25 AM,3,Na 589.592,Na,3817.124345,3.928274612,1.071794991,1.072,3.525879139,mg/L,0.03779019599,1,1.027176128,2,1.064965404,3,1.076032718,4,1.119005713
6h 1/2 Conc HNO3_CS,9/14/2018,11:00:25 AM,3,Ni 231.604,Ni,532.3644746,1.973513069,-0.09484433886,-0.095,1.313707456,mg/L,0.001245977151,1,-0.09491407008,2,-0.09356422031,3,-0.09651754294,4,-0.0943815221
6h 1/2 Conc HNO3_CS,9/14/2018,11:00:25 AM,3,Pb 220.353,Pb,28.30516394,27.20742437,0.07634221047,0.076,6.139573835,mg/L,0.004687086379,1,0.07058887566,2,0.08206262311,3,0.07615641926,4,0.07656092387
6h 1/2 Conc HNO3_CS,9/14/2018,11:00:25 AM,3,Se 196.026,Se,83.92449444,12.49940862,0.1649312294,0.165,9.134359669,mg/L,0.0150654117,1,0.1781738568,2,0.1712014909,3,0.1434308479,4,0.166918722
6h 1/2 Conc HNO3_CS,9/14/2018,11:00:25 AM,3,Si 251.611,Si,22721.55965,3.132916842,2.465069362,2.465,3.172464755,mg/L,0.07820345668,1,2.48569134,2,2.350096973,3,2.501010114,4,2.52347902
6h 1/2 Conc HNO3_CS,9/14/2018,11:00:25 AM,3,Zn 206.200,Zn,31336.94296,1.694265374,2.245651931,2.246,1.762318111,mg/L,0.03957553069,1,2.239991972,2,2.193560876,3,2.262578274,4,2.286476601
6h 1/2 Conc HNO3_CS,9/14/2018,11:00:25 AM,3,P 213.617,P,7108.774724,1.897835067,7.843270464,7.843,1.92672945,mg/L,0.1511186019,1,7.67591805,2,7.848309756,3,7.807582051,4,8.041271999
6h Conc HNO3_CS,9/14/2018,11:02:32 AM,4,Y 371.029,Y,460804.5242,0.8361113605,1.237141942,1.237,0.8361113605,mg/L,0.01034388432,1,1.233592058,2,1.250958287,3,1.237700575,4,1.226316847
6h Conc HNO3_CS,9/14/2018,11:02:32 AM,4,Al 396.153,Al,12446.94415,6.8207731,0.6201170167,0.620,2.131489651,mg/L,0.01321773004,1,0.6296713364,2,0.6096027492,3,0.6079117716,4,0.6332822097
6h Conc HNO3_CS,9/14/2018,11:02:32 AM,4,Ca 317.933,Ca,2618323.531,0.4640138213,82.37718483,82.38,0.4630365822,mg/L,0.3814365011,1,82.90678392,2,82.04349885,3,82.39207533,4,82.16638123
6h Conc HNO3_CS,9/14/2018,11:02:32 AM,4,Cr 267.716,Cr,341.5913033,1.404450793,-0.1172526474,-0.117,0.1996320623,mg/L,0.0002340738782,1,-0.1171308751,2,-0.1169829464,3,-0.1174578406,4,-0.1174389277
6h Conc HNO3_CS,9/14/2018,11:02:32 AM,4,Cu 327.393,Cu,1603.856401,1.28790061,0.05672779031,0.057,1.204526943,mg/L,0.0006833015184,1,0.05764898726,2,0.05677627183,3,0.05644246351,4,0.05604343862
6h Conc HNO3_CS,9/14/2018,11:02:32 AM,4,Fe 238.204,Fe,16396.91954,1.543003302,0.3881403247,0.388,2.158329054,mg/L,0.008377345399,1,0.3957134488,2,0.3798008561,3,0.3820679891,4,0.3949790047
6h Conc HNO3_CS,9/14/2018,11:02:32 AM,4,K 766.490,K,13681.10292,1.606125825,10.36069042,10.36,1.573054433,mg/L,0.1629793,1,10.50079163,2,10.13672556,3,10.34613512,4,10.45910938
6h Conc HNO3_CS,9/14/2018,11:02:32 AM,4,Mg 285.213,Mg,710316.0194,0.4595153786,8.723523716,8.724,0.4770766141,mg/L,0.04161789158,1,8.751097218,2,8.766309596,3,8.680281896,4,8.696406155
6h Conc HNO3_CS,9/14/2018,11:02:32 AM,4,Mn 257.610,Mn,1111634.377,0.474374238,5.281517162,5.282,0.5077622527,mg/L,0.02681755052,1,5.321678496,2,5.270277206,3,5.266897367,4,5.267215579
6h Conc HNO3_CS,9/14/2018,11:02:32 AM,4,Mo 202.031,Mo,9.754001634,57.33694464,-0.1558256533,-0.156,0.8869531961,mg/L,0.001382100612,1,-0.1550368618,2,-0.1542868035,3,-0.1571147718,4,-0.1568641759
6h Conc HNO3_CS,9/14/2018,11:02:32 AM,4,Na 589.592,Na,3620.791815,1.185737229,1.022314584,1.022,1.058396636,mg/L,0.01082014317,1,1.028918369,2,1.010374878,3,1.03366655,4,1.016298539
6h Conc HNO3_CS,9/14/2018,11:02:32 AM,4,Ni 231.604,Ni,282.4415971,3.83862234,-0.1244835757,-0.124,1.032887437,mg/L,0.001285775215,1,-0.1249525717,2,-0.1234329238,3,-0.1234578428,4,-0.1260909646
6h Conc HNO3_CS,9/14/2018,11:02:32 AM,4,Pb 220.353,Pb,22.04017216,21.73816895,0.07252917929,0.073,4.020453385,mg/L,0.002916001844,1,0.07687197407,2,0.07060088007,3,0.0714116573,4,0.0712322057
6h Conc HNO3_CS,9/14/2018,11:02:32 AM,4,Se 196.026,Se,97.85191372,11.21346495,0.1849332309,0.185,8.521126277,mg/L,0.01575839413,1,0.206423598,2,0.186325673,3,0.1703777689,4,0.1766058837
6h Conc HNO3_CS,9/14/2018,11:02:32 AM,4,Si 251.611,Si,20655.78879,1.806282751,2.238124116,2.238,1.831396145,mg/L,0.04098891878,1,2.263286802,2,2.194014055,3,2.213819744,4,2.281375862
6h Conc HNO3_CS,9/14/2018,11:02:32 AM,4,Zn 206.200,Zn,20650.04423,0.5988605743,1.44905179,1.449,0.6361382152,mg/L,0.009217972194,1,1.4558747,2,1.437797856,3,1.445271765,4,1.457262838
6h Conc HNO3_CS,9/14/2018,11:02:32 AM,4,P 213.617,P,4609.765298,0.9207781164,5.044079017,5.044,0.9425765485,mg/L,0.04754430591,1,5.09513117,2,5.073815839,3,5.007382702,4,4.999986358
6h H2O_CS,9/14/2018,11:04:38 AM,5,Y 371.029,Y,484139.9974,1.548027367,1.299791701,1.300,1.548027367,mg/L,0.02012113125,1,1.327279091,2,1.284817275,3,1.302381196,4,1.284689244
6h H2O_CS,9/14/2018,11:04:38 AM,5,Al 396.153,Al,-8828.387796,3.850643393,0.2888815144,0.289,1.832126618,mg/L,0.00529267512,1,0.2874062221,2,0.2964382687,3,0.2840710212,4,0.2876105455
6h H2O_CS,9/14/2018,11:04:38 AM,5,Ca 317.933,Ca,168363.031,1.144408152,5.459340055,5.459,1.108040299,mg/L,0.06049168788,1,5.4746225,2,5.528674697,3,5.382703233,4,5.451359789
6h H2O_CS,9/14/2018,11:04:38 AM,5,Cr 267.716,Cr,1295.803937,1.501800267,-0.07069566966,-0.071,1.343068854,mg/L,0.0009494915202,1,-0.07087866349,2,-0.0706207206,3,-0.07179483016,4,-0.0694884644
6h H2O_CS,9/14/2018,11:04:38 AM,5,Cu 327.393,Cu,559.9655182,3.833700704,0.02219595511,0.022,3.199412273,mg/L,0.000710140112,1,0.02325194582,2,0.02171525864,3,0.02188351158,4,0.0219331044
6h H2O_CS,9/14/2018,11:04:38 AM,5,Fe 238.204,Fe,1631.997175,4.652339713,-0.1007466522,-0.101,2.495384648,mg/L,0.002514016493,1,-0.104038903,2,-0.09947054638,3,-0.101232075,4,-0.09824508463
6h H2O_CS,9/14/2018,11:04:38 AM,5,K 766.490,K,5574.751461,2.681687645,4.348161174,4.348,2.550115436,mg/L,0.1108831293,1,4.428348725,2,4.45726826,3,4.235701278,4,4.271326435
6h H2O_CS,9/14/2018,11:04:38 AM,5,Mg 285.213,Mg,107282.81,1.299661332,1.034527549,1.035,1.718488747,mg/L,0.01777823951,1,1.055746475,2,1.038245689,3,1.031364965,4,1.012753067
6h H2O_CS,9/14/2018,11:04:38 AM,5,Mn 257.610,Mn,96347.1016,1.135434258,0.1182453747,0.118,4.704923098,mg/L,0.005563353948,1,0.1217466921,2,0.1237628833,3,0.1115586944,4,0.1159132291
6h H2O_CS,9/14/2018,11:04:38 AM,5,Mo 202.031,Mo,-12.11103819,56.69462739,-0.161229121,-0.161,1.052451476,mg/L,0.001696858263,1,-0.1624632165,2,-0.1627626394,3,-0.1605284941,4,-0.1591621339
6h H2O_CS,9/14/2018,11:04:38 AM,5,Na 589.592,Na,9116.874848,2.566192735,2.407456532,2.407,2.449163656,mg/L,0.05896255044,1,2.402208898,2,2.492413396,3,2.369571696,4,2.365632139
6h H2O_CS,9/14/2018,11:04:38 AM,5,Ni 231.604,Ni,609.0500878,1.827374871,-0.08574992111,-0.086,1.539245648,mg/L,0.001319901929,1,-0.08744702709,2,-0.08531485261,3,-0.08594370561,4,-0.08429409915
6h H2O_CS,9/14/2018,11:04:38 AM,5,Pb 220.353,Pb,-2.442192718,141.2057626,0.05762859775,0.058,3.642035314,mg/L,0.002098853881,1,0.05917896313,2,0.05937853676,3,0.0570516741,4,0.05490521702
6h H2O_CS,9/14/2018,11:04:38 AM,5,Se 196.026,Se,44.82470333,16.40277007,0.1087776762,0.109,9.70728206,mg/L,0.01055935585,1,0.1175549276,2,0.1099897641,3,0.1139342932,4,0.09363171999
6h H2O_CS,9/14/2018,11:04:38 AM,5,Si 251.611,Si,11741.1603,0.3352849085,1.258764498,1.259,0.3435733593,mg/L,0.004324779473,1,1.25786676,2,1.262182926,3,1.262000965,4,1.253007342
6h H2O_CS,9/14/2018,11:04:38 AM,5,Zn 206.200,Zn,3071.317046,1.162781685,0.1387355877,0.139,1.91877318,mg/L,0.002662021248,1,0.1394054748,2,0.1404368788,3,0.1348018457,4,0.1402981513
6h H2O_CS,9/14/2018,11:04:38 AM,5,P 213.617,P,1375.540363,1.737338469,1.421357678,1.421,1.883298251,mg/L,0.0267684043,1,1.421172051,2,1.431650248,3,1.38474002,4,1.447868394
LGP Conc HCl,9/14/2018,11:06:38 AM,6,Y 371.029,Y,444527.8379,0.5260936776,1.193443215,1.193,0.5260936776,mg/L,0.006278629297,1,1.202365661,2,1.192887543,3,1.190552745,4,1.187966909
LGP Conc HCl,9/14/2018,11:06:38 AM,6,Al 396.153,Al,-11359.78671,3.733187237,0.2494701815,0.249,2.646621527,mg/L,0.006602531527,1,0.2460097307,2,0.2459264196,3,0.2465801911,4,0.2593643846
LGP Conc HCl,9/14/2018,11:06:38 AM,6,Ca 317.933,Ca,428326.7887,0.6894563863,13.62104387,13.62,0.680674794,mg/L,0.09271501231,1,13.52527431,2,13.56053063,3,13.71845187,4,13.67991866
LGP Conc HCl,9/14/2018,11:06:38 AM,6,Cr 267.716,Cr,23.86062668,31.65714998,-0.1327550412,-0.133,0.2776145701,mg/L,0.0003685473371,1,-0.1331675934,2,-0.132555258,3,-0.1323530782,4,-0.1329442355
LGP Conc HCl,9/14/2018,11:06:38 AM,6,Cu 327.393,Cu,219.0117909,8.49049539,0.01091723038,0.011,5.634463982,mg/L,0.0006151274135,1,0.01154003961,2,0.01006852597,3,0.01100334171,4,0.01105701421
LGP Conc HCl,9/14/2018,11:06:38 AM,6,Fe 238.204,Fe,2691.909914,0.8147733521,-0.06565147719,-0.066,1.106191041,mg/L,0.0007262307592,1,-0.0664926621,2,-0.06599899579,3,-0.06521101515,4,-0.06490323571
LGP Conc HCl,9/14/2018,11:06:38 AM,6,K 766.490,K,1899.790487,5.043953048,1.622420692,1.622,4.380715405,mg/L,0.0710736332,1,1.604508841,2,1.557416612,3,1.604001729,4,1.723755587
LGP Conc HCl,9/14/2018,11:06:38 AM,6,Mg 285.213,Mg,177026.9724,0.5827564637,1.923802946,1.924,0.6837453255,mg/L,0.01315391272,1,1.907156921,2,1.921325462,3,1.928217186,4,1.938512218
LGP Conc HCl,9/14/2018,11:06:38 AM,6,Mn 257.610,Mn,374.8665219,13.03757803,-0.3698241065,-0.370,0.06720698356,mg/L,0.0002485476265,1,-0.3694572479,2,-0.3699872077,3,-0.3698848637,4,-0.3699671069
LGP Conc HCl,9/14/2018,11:06:38 AM,6,Mo 202.031,Mo,2.056942404,470.247382,-0.1577278136,-0.158,1.51552297,mg/L,0.002390401245,1,-0.1563214153,2,-0.1553090167,3,-0.1606397763,4,-0.158641046
LGP Conc HCl,9/14/2018,11:06:38 AM,6,Na 589.592,Na,99119.99827,2.929673204,25.09035651,25.09,2.916853579,mg/L,0.7318489619,1,24.39299088,2,24.75071958,3,25.12540693,4,26.09230866
LGP Conc HCl,9/14/2018,11:06:38 AM,6,Ni 231.604,Ni,2.917418125,382.9272648,-0.1576333355,-0.158,0.8404810113,mg/L,0.001324878252,1,-0.1574049895,2,-0.1576999881,3,-0.1593260522,4,-0.1561023121
LGP Conc HCl,9/14/2018,11:06:38 AM,6,Pb 220.353,Pb,-9.263690402,51.81862859,0.05347686311,0.053,5.463285231,mg/L,0.002921593564,1,0.05382275807,2,0.05102641823,3,0.0515907509,4,0.05746752523
LGP Conc HCl,9/14/2018,11:06:38 AM,6,Se 196.026,Se,76.12658481,4.534007608,0.1537321841,0.154,3.224457069,mg/L,0.004957028278,1,0.1604659186,2,0.1528387465,3,0.1485185184,4,0.1531055529
LGP Conc HCl,9/14/2018,11:06:38 AM,6,Si 251.611,Si,19830.05415,0.4854072762,2.147409044,2.147,0.4924411626,mg/L,0.01057472607,1,2.133724238,2,2.150491612,3,2.15913257,4,2.146287758
LGP Conc HCl,9/14/2018,11:06:38 AM,6,Zn 206.200,Zn,233.2456297,6.832708188,-0.07281391302,-0.073,1.63147605,mg/L,0.001187941552,1,-0.07191914499,2,-0.07190795694,3,-0.07301037681,4,-0.07441817332
LGP Conc HCl,9/14/2018,11:06:38 AM,6,P 213.617,P,84.74643788,7.98832352,-0.02448693447,-0.024,30.96758847,mg/L,0.007583013096,1,-0.01547661457,2,-0.03386147531,3,-0.02560329497,4,-0.02300635303
CL Conc HCl,9/14/2018,11:08:37 AM,7,Y 371.029,Y,451330.1603,1.386812482,1.211705705,1.212,1.386812482,mg/L,0.01680408596,1,1.190004949,2,1.222282438,3,1.20720616,4,1.227329274
CL Conc HCl,9/14/2018,11:08:37 AM,7,Al 396.153,Al,-12048.80006,3.816742071,0.2387429372,0.239,2.998931951,mg/L,0.007159738223,1,0.2479643524,2,0.2344528968,3,0.2406468824,4,0.2319076171
CL Conc HCl,9/14/2018,11:08:37 AM,7,Ca 317.933,Ca,812785.6765,1.527685452,25.69134013,25.69,1.51736915,mg/L,0.3898324692,1,26.27463556,2,25.47299301,3,25.53537446,4,25.48235747
CL Conc HCl,9/14/2018,11:08:37 AM,7,Cr 267.716,Cr,23.12015083,47.19457426,-0.1327911698,-0.133,0.400915786,mg/L,0.0005323807621,1,-0.1320558104,2,-0.1332074594,3,-0.1327441441,4,-0.1331572653
CL Conc HCl,9/14/2018,11:08:37 AM,7,Cu 327.393,Cu,206.486896,21.65808092,0.01050290776,0.011,14.08534444,mg/L,0.001479370734,1,0.009523894273,2,0.01135031338,3,0.009006599446,4,0.01213082393
CL Conc HCl,9/14/2018,11:08:37 AM,7,Fe 238.204,Fe,733.2671562,8.732474667,-0.1305048447,-0.131,1.624614159,mg/L,0.002120200185,1,-0.1280532956,2,-0.1304353938,3,-0.1303002323,4,-0.1332304572
CL Conc HCl,9/14/2018,11:08:37 AM,7,K 766.490,K,2707.344177,2.378982876,2.221388083,2.221,2.150513241,mg/L,0.04777124486,1,2.247405117,2,2.154172137,3,2.262021646,4,2.221953431
CL Conc HCl,9/14/2018,11:08:37 AM,7,Mg 285.213,Mg,523699.3364,1.760226893,6.344061129,6.344,1.852728283,mg/L,0.1175382148,1,6.49871875,2,6.343015239,3,6.213741992,4,6.320768536
CL Conc HCl,9/14/2018,11:08:37 AM,7,Mn 257.610,Mn,294.5593392,26.39093527,-0.370232511,-0.370,0.1067797916,mg/L,0.0003953335038,1,-0.3697431376,2,-0.3703709714,3,-0.3701353521,4,-0.3706805827
CL Conc HCl,9/14/2018,11:08:37 AM,7,Mo 202.031,Mo,7.182213536,86.03067388,-0.1564612146,-0.156,0.9759492375,mg/L,0.001526982031,1,-0.1574392734,2,-0.155301465,3,-0.1580812589,4,-0.1550228611
CL Conc HCl,9/14/2018,11:08:37 AM,7,Na 589.592,Na,28956.57596,2.947569719,7.407526961,7.408,2.903882559,mg/L,0.2151058835,1,7.404710054,2,7.134460052,3,7.431052498,4,7.65988524
CL Conc HCl,9/14/2018,11:08:37 AM,7,Ni 231.604,Ni,-12.3288956,105.8646756,-0.1594414497,-0.159,0.9708117335,mg/L,0.001547876301,1,-0.1578953125,2,-0.1583558513,3,-0.1604783167,4,-0.1610363183
CL Conc HCl,9/14/2018,11:08:37 AM,7,Pb 220.353,Pb,1.130949603,809.4688916,0.05980330182,0.060,9.316828579,mg/L,0.005571771115,1,0.05712451794,2,0.0534383089,3,0.06583348939,4,0.06281689104
CL Conc HCl,9/14/2018,11:08:37 AM,7,Se 196.026,Se,71.82028922,13.73130631,0.1475476549,0.148,9.599077511,mg/L,0.01416321376,1,0.1611927013,2,0.1289721618,3,0.1554165338,4,0.1446092229
CL Conc HCl,9/14/2018,11:08:37 AM,7,Si 251.611,Si,124066.8778,1.419773889,13.59884933,13.60,1.423022673,mg/L,0.1935147092,1,13.88439388,2,13.54990187,3,13.46600452,4,13.49509703
CL Conc HCl,9/14/2018,11:08:37 AM,7,Zn 206.200,Zn,110.3373284,10.79573911,-0.08197548295,-0.082,1.083127409,mg/L,0.0008878989247,1,-0.08111829431,2,-0.08131574282,3,-0.08258473669,4,-0.08288315799
CL Conc HCl,9/14/2018,11:08:37 AM,7,P 213.617,P,336.4055448,4.838427012,0.257401566,0.257,7.08305906,mg/L,0.01823190494,1,0.2706675551,2,0.2736067747,3,0.2505506379,4,0.2347812962
P/K/Mg 50mg/L,9/14/2018,11:10:37 AM,8,Y 371.029,Y,480325.5881,0.5899759247,1.289550991,1.290,0.5899759247,mg/L,0.007608040384,1,1.299192744,2,1.289322218,3,1.289106483,4,1.280582518
P/K/Mg 50mg/L,9/14/2018,11:10:37 AM,8,Al 396.153,Al,-12093.64271,4.064831154,0.2380447822,0.238,3.215152019,mg/L,0.007653501621,1,0.2352583936,2,0.2481552297,3,0.2387942282,4,0.2299712772
P/K/Mg 50mg/L,9/14/2018,11:10:37 AM,8,Ca 317.933,Ca,-7716.595463,6.450288788,-0.0687757544,-0.069,22.72152904,mg/L,0.01562690301,1,-0.07110270833,2,-0.04748296494,3,-0.07140479599,4,-0.08511254834
P/K/Mg 50mg/L,9/14/2018,11:10:37 AM,8,Cr 267.716,Cr,50.85974003,27.74683612,-0.1314377278,-0.131,0.5238502797,mg/L,0.0006885369048,1,-0.1321066764,2,-0.1304732677,3,-0.1316068156,4,-0.1315641515
P/K/Mg 50mg/L,9/14/2018,11:10:37 AM,8,Cu 327.393,Cu,180.7985684,14.71861064,0.009653139728,0.010,9.11922154,mg/L,0.0008802911974,1,0.009133790071,2,0.008798826833,3,0.009903113601,4,0.01077682841
P/K/Mg 50mg/L,9/14/2018,11:10:37 AM,8,Fe 238.204,Fe,-579.9798651,9.802756322,-0.1739882678,-0.174,1.081978074,mg/L,0.001882514909,1,-0.1757958695,2,-0.1740823488,3,-0.1747028264,4,-0.1713720266
P/K/Mg 50mg/L,9/14/2018,11:10:37 AM,8,K 766.490,K,51748.09251,2.500794433,38.59520373,38.60,2.486971307,mg/L,0.9598516426,1,38.27674863,2,39.37410379,3,39.35236208,4,37.37760043
P/K/Mg 50mg/L,9/14/2018,11:10:37 AM,8,Mg 285.213,Mg,2946429.584,0.6928936354,37.23516844,37.24,0.6990974701,mg/L,0.2603101206,1,37.25255806,2,37.10494267,3,36.99187255,4,37.59130049
P/K/Mg 50mg/L,9/14/2018,11:10:37 AM,8,Mn 257.610,Mn,-170.4758725,59.9585577,-0.3725974605,-0.373,0.1395115782,mg/L,0.0005198165977,1,-0.3730381536,2,-0.3726498713,3,-0.3728469402,4,-0.3718548769
P/K/Mg 50mg/L,9/14/2018,11:10:37 AM,8,Mo 202.031,Mo,-19.13925442,16.09205997,-0.1629659913,-0.163,0.4670484805,mg/L,0.0007611301864,1,-0.1632031879,2,-0.1628632544,3,-0.1619871419,4,-0.1638103812
P/K/Mg 50mg/L,9/14/2018,11:10:37 AM,8,Na 589.592,Na,110557.8105,2.390580867,27.97295371,27.97,2.381198162,mg/L,0.6660914596,1,27.70131602,2,28.47271341,3,28.5594164,4,27.15836902
P/K/Mg 50mg/L,9/14/2018,11:10:37 AM,8,Ni 231.604,Ni,-13.2943456,40.28186999,-0.1595559458,-0.160,0.3980380593,mg/L,0.0006350933902,1,-0.1598154874,2,-0.1602163678,3,-0.1587195697,4,-0.1594723584
P/K/Mg 50mg/L,9/14/2018,11:10:37 AM,8,Pb 220.353,Pb,-5.543647232,119.4001835,0.05574097472,0.056,7.227296525,mg/L,0.004028565529,1,0.05791891486,2,0.05975066843,3,0.05473564377,4,0.05055867181
P/K/Mg 50mg/L,9/14/2018,11:10:37 AM,8,Se 196.026,Se,29.18631385,21.51083876,0.08631844791,0.086,10.44565735,mg/L,0.009016529295,1,0.09944704423,2,0.07896922775,3,0.08406974689,4,0.08278777279
P/K/Mg 50mg/L,9/14/2018,11:10:37 AM,8,Si 251.611,Si,-497.8671498,10.62341202,-0.08581304203,-0.086,6.771161044,mg/L,0.005810539273,1,-0.08885206621,2,-0.08983874727,3,-0.08732497748,4,-0.07723637715
P/K/Mg 50mg/L,9/14/2018,11:10:37 AM,8,Zn 206.200,Zn,-43.41772104,27.82101344,-0.09343636578,-0.093,0.9636353358,mg/L,0.0009003858371,1,-0.09216687903,2,-0.09412825715,3,-0.09342938866,4,-0.09402093827
P/K/Mg 50mg/L,9/14/2018,11:10:37 AM,8,P 213.617,P,46027.39688,1.196804261,51.43681322,51.44,1.199582702,mg/L,0.6170271138,1,50.80774407,2,52.21350504,3,51.62019148,4,51.10581229
P/K/Mg 25mg/L,9/14/2018,11:12:44 AM,9,Y 371.029,Y,485245.2852,0.6851401346,1.302759116,1.303,0.6851401346,mg/L,0.008925725559,1,1.313234934,2,1.293182464,3,1.3066192,4,1.297999865
P/K/Mg 25mg/L,9/14/2018,11:12:44 AM,9,Al 396.153,Al,-12691.56213,3.559645878,0.2287357787,0.229,3.075022572,mg/L,0.007033676823,1,0.2383188772,2,0.2247116687,3,0.2294873899,4,0.2224251788
P/K/Mg 25mg/L,9/14/2018,11:12:44 AM,9,Ca 317.933,Ca,331.5012856,98.04040331,0.1838986281,0.184,5.548554309,mg/L,0.01020371525,1,0.1910281846,2,0.1813782371,3,0.1926516731,4,0.1705364175
P/K/Mg 25mg/L,9/14/2018,11:12:44 AM,9,Cr 267.716,Cr,14.45295028,47.96629803,-0.1332140511,-0.133,0.253911454,mg/L,0.000338245734,1,-0.1328450457,2,-0.1330950523,3,-0.133650187,4,-0.1332659193
P/K/Mg 25mg/L,9/14/2018,11:12:44 AM,9,Cu 327.393,Cu,142.932539,19.28390824,0.008400534205,0.008,10.85385,mg/L,0.0009117813814,1,0.009570282218,2,0.008220113074,3,0.00735642112,4,0.008455320407
P/K/Mg 25mg/L,9/14/2018,11:12:44 AM,9,Fe 238.204,Fe,-688.9748043,1.502800027,-0.1775972408,-0.178,0.1930392496,mg/L,0.000342832381,1,-0.1772613021,2,-0.1773571494,3,-0.1777952614,4,-0.1779752504
P/K/Mg 25mg/L,9/14/2018,11:12:44 AM,9,K 766.490,K,22433.04525,2.842031196,16.85205827,16.85,2.806053156,mg/L,0.472877713,1,16.53556147,2,16.80003021,3,16.53629192,4,17.53634948
P/K/Mg 25mg/L,9/14/2018,11:12:44 AM,9,Mg 285.213,Mg,1329429.331,1.543674356,16.61754979,16.62,1.574643961,mg/L,0.2616672443,1,16.69745241,2,16.78539094,3,16.75840954,4,16.22894628
P/K/Mg 25mg/L,9/14/2018,11:12:44 AM,9,Mn 257.610,Mn,-384.3610827,9.314735893,-0.3736851797,-0.374,0.04872368455,mg/L,0.0001820731882,1,-0.373479564,2,-0.3738056205,3,-0.3735880518,4,-0.3738674825
P/K/Mg 25mg/L,9/14/2018,11:12:44 AM,9,Mo 202.031,Mo,-23.34577076,2.154797332,-0.1640055401,-0.164,0.0758016075,mg/L,0.0001243188358,1,-0.1639837455,2,-0.1640749387,3,-0.1638404206,4,-0.1641230556
P/K/Mg 25mg/L,9/14/2018,11:12:44 AM,9,Na 589.592,Na,48700.32805,2.955403952,12.38341598,12.38,2.929201656,mg/L,0.3627352261,1,12.09613223,2,12.34199617,3,12.18967564,4,12.90585991
P/K/Mg 25mg/L,9/14/2018,11:12:44 AM,9,Ni 231.604,Ni,-21.07763305,60.62534215,-0.1604789934,-0.160,0.9443192773,mg/L,0.00151543407,1,-0.158846242,2,-0.1616999842,3,-0.1618355587,4,-0.1595341885
P/K/Mg 25mg/L,9/14/2018,11:12:44 AM,9,Pb 220.353,Pb,-10.27929963,66.64776127,0.05285873785,0.053,7.888277026,mg/L,0.004169643674,1,0.05330899383,2,0.05640738594,3,0.04689907531,4,0.05481949633
P/K/Mg 25mg/L,9/14/2018,11:12:44 AM,9,Se 196.026,Se,28.65700065,27.39810357,0.0855582695,0.086,13.17929106,mg/L,0.01127597337,1,0.09965705705,2,0.07730025989,3,0.08961695101,4,0.07565881004
P/K/Mg 25mg/L,9/14/2018,11:12:44 AM,9,Si 251.611,Si,-626.0991731,3.002173815,-0.09990059099,-0.100,2.067044608,mg/L,0.00206498978,1,-0.09956102174,2,-0.09915224867,3,-0.09804397924,4,-0.1028451143
P/K/Mg 25mg/L,9/14/2018,11:12:44 AM,9,Zn 206.200,Zn,-75.32173654,12.57016749,-0.09581448724,-0.096,0.7365782549,mg/L,0.000705748678,1,-0.09596731697,2,-0.09594492664,3,-0.09483209364,4,-0.09651361172
P/K/Mg 25mg/L,9/14/2018,11:12:44 AM,9,P 213.617,P,20356.97447,1.192000976,22.68284931,22.68,1.198276227,mg/L,0.271803191,1,22.68757063,2,22.83421022,3,22.9101913,4,22.2994251
P/K/Mg 5 mg/L,9/14/2018,11:14:46 AM,10,Y 371.029,Y,474338.0949,0.4756223519,1.273476108,1.273,0.4756223519,mg/L,0.006056937014,1,1.275263146,2,1.280495839,3,1.272139457,4,1.266005988
P/K/Mg 5 mg/L,9/14/2018,11:14:46 AM,10,Al 396.153,Al,-13014.50569,1.698029249,0.2237078725,0.224,1.53798504,mg/L,0.003440593613,1,0.2208889936,2,0.2286017409,3,0.2218147387,4,0.2235260167
P/K/Mg 5 mg/L,9/14/2018,11:14:46 AM,10,Ca 317.933,Ca,-2060.911737,37.65784646,0.1087875177,0.109,22.39772099,mg/L,0.02436592468,1,0.09829609562,2,0.1444214731,3,0.1027420709,4,0.0896904311
P/K/Mg 5 mg/L,9/14/2018,11:14:46 AM,10,Cr 267.716,Cr,-6.409200102,152.9218207,-0.134231936,-0.134,0.3562517899,mg/L,0.0004782036747,1,-0.1340253713,2,-0.1349132289,3,-0.1341769503,4,-0.1338121935
P/K/Mg 5 mg/L,9/14/2018,11:14:46 AM,10,Cu 327.393,Cu,129.0730439,11.43218169,0.007942063107,0.008,6.146047207,mg/L,0.0004881229478,1,0.007523879771,2,0.008543223238,3,0.007566162177,4,0.008134987243
P/K/Mg 5 mg/L,9/14/2018,11:14:46 AM,10,Fe 238.204,Fe,-754.9853613,1.733890592,-0.1797829416,-0.180,0.2410954642,mg/L,0.0004334485174,1,-0.1797012141,2,-0.1804183091,3,-0.1795049354,4,-0.1795073075
P/K/Mg 5 mg/L,9/14/2018,11:14:46 AM,10,K 766.490,K,5306.891525,1.733088356,4.149487861,4.149,1.643986282,mg/L,0.06821701121,1,4.159169935,2,4.144176502,3,4.230456509,4,4.064148498
P/K/Mg 5 mg/L,9/14/2018,11:14:46 AM,10,Mg 285.213,Mg,285343.1924,2.344375789,3.304892724,3.305,2.580867991,mg/L,0.08529491845,1,3.379322449,2,3.376769917,3,3.246173552,4,3.217304977
P/K/Mg 5 mg/L,9/14/2018,11:14:46 AM,10,Mn 257.610,Mn,-416.4738431,9.735861905,-0.3738484901,-0.374,0.0551572427,mg/L,0.000206204519,1,-0.3735432368,2,-0.3739860017,3,-0.3739058727,4,-0.3739588491
P/K/Mg 5 mg/L,9/14/2018,11:14:46 AM,10,Mo 202.031,Mo,-22.60883313,30.6485117,-0.1638234221,-0.164,1.04528287,mg/L,0.001712418168,1,-0.1649290205,2,-0.1633431928,3,-0.1616201533,4,-0.1654013216
P/K/Mg 5 mg/L,9/14/2018,11:14:46 AM,10,Na 589.592,Na,11770.38093,1.369007506,3.076202358,3.076,1.320147457,mg/L,0.0406104072,1,3.061606571,2,3.124289205,3,3.089964269,4,3.028949385
P/K/Mg 5 mg/L,9/14/2018,11:14:46 AM,10,Ni 231.604,Ni,-26.38999316,14.42049628,-0.1611090049,-0.161,0.280130679,mg/L,0.0004513157493,1,-0.1605001121,2,-0.1612147204,3,-0.1611341672,4,-0.1615870199
P/K/Mg 5 mg/L,9/14/2018,11:14:46 AM,10,Pb 220.353,Pb,-11.72690775,90.21096972,0.05197768723,0.052,12.38727447,mg/L,0.006438618782,1,0.05127360559,2,0.04313258993,3,0.05660641835,4,0.05689813503
P/K/Mg 5 mg/L,9/14/2018,11:14:46 AM,10,Se 196.026,Se,26.80514441,26.91393368,0.08289870777,0.083,12.49828355,mg/L,0.01036091555,1,0.0798112597,2,0.09583807769,3,0.07102451319,4,0.08492098051
P/K/Mg 5 mg/L,9/14/2018,11:14:46 AM,10,Si 251.611,Si,-716.4113354,2.871618181,-0.1098222703,-0.110,2.057963508,mg/L,0.002260102246,1,-0.1114369091,2,-0.1120353243,3,-0.1074114814,4,-0.1084053663
P/K/Mg 5 mg/L,9/14/2018,11:14:46 AM,10,Zn 206.200,Zn,-133.3923947,6.404219791,-0.1001430671,-0.100,0.635865254,mg/L,0.0006367749679,1,-0.09974200004,2,-0.09978979202,3,-0.09995178718,4,-0.1010886891
P/K/Mg 5 mg/L,9/14/2018,11:14:46 AM,10,P 213.617,P,4542.172402,0.5815680323,4.968366835,4.968,0.5955458388,mg/L,0.02958890194,1,4.933871127,2,4.955967103,3,4.982243483,4,5.001385629
ULL-STD-20,9/14/2018,11:16:47 AM,0,Y 371.029,Y,451857.4947,1.307673933,1.213121463,1.213,1.307673933,mg/L,0.01586367315,1,1.225550519,2,1.214188756,3,1.190431643,4,1.222314933
ULL-STD-20,9/14/2018,11:16:47 AM,0,Al 396.153,Al,1118948.927,3.447439456,17.84723907,17.85,3.365087838,mg/L,0.6005752715,1,18.57416947,2,17.97811776,3,17.70867633,4,17.12799273
ULL-STD-20,9/14/2018,11:16:47 AM,0,Ca 317.933,Ca,769769.9152,0.8941865333,24.34083686,24.34,0.8878131582,mg/L,0.2161011525,1,24.36056853,2,24.3665598,3,24.5808024,4,24.05541672
ULL-STD-20,9/14/2018,11:16:47 AM,0,Cr 267.716,Cr,477089.7921,0.7766247725,23.14376339,23.14,0.7811186392,mg/L,0.1807802496,1,22.87889106,2,23.23645052,3,23.27714431,4,23.18256765
ULL-STD-20,9/14/2018,11:16:47 AM,0,Cu 327.393,Cu,555259.1665,1.144458676,18.37160556,18.37,1.144229908,mg/L,0.2102134054,1,18.19080444,2,18.47942456,3,18.20122486,4,18.61496838
ULL-STD-20,9/14/2018,11:16:47 AM,0,Fe 238.204,Fe,707754.0931,0.8461374351,23.27993143,23.28,0.8517632601,mg/L,0.1982899029,1,23.33785312,2,23.38682759,3,23.40917373,4,22.98587128
ULL-STD-20,9/14/2018,11:16:47 AM,0,K 766.490,K,22170.33307,2.74656264,16.65720307,16.66,2.711386431,mg/L,0.4516411439,1,17.09543361,2,16.97891455,3,16.1596758,4,16.39478833
ULL-STD-20,9/14/2018,11:16:47 AM,0,Mg 285.213,Mg,1535645.417,2.105886655,19.24691526,19.25,2.142363798,mg/L,0.4123389448,1,19.70813864,2,19.36866377,3,19.19269753,4,18.71816111
ULL-STD-20,9/14/2018,11:16:47 AM,0,Mn 257.610,Mn,4495182.343,0.9037231052,22.48864482,22.49,0.918661375,mg/L,0.2065944937,1,22.58472644,2,22.60635041,3,22.5843655,4,22.17913694
ULL-STD-20,9/14/2018,11:16:47 AM,0,Mo 202.031,Mo,90850.51062,0.6865677678,22.29348612,22.29,0.6914409327,mg/L,0.1541462884,1,22.06478354,2,22.36024416,3,22.4009981,4,22.34791868
ULL-STD-20,9/14/2018,11:16:47 AM,0,Na 589.592,Na,61620.01602,2.833425299,15.63948065,15.64,2.813534491,mg/L,0.4400221824,1,16.12671084,2,15.88542116,3,15.18860731,4,15.35718329
ULL-STD-20,9/14/2018,11:16:47 AM,0,Ni 231.604,Ni,199727.1856,0.739010067,23.52837313,23.53,0.7439720891,mg/L,0.1750445291,1,23.28562142,2,23.59383068,3,23.6976182,4,23.53642221
ULL-STD-20,9/14/2018,11:16:47 AM,0,Pb 220.353,Pb,38405.97445,0.8157922507,23.43395464,23.43,0.8137343164,mg/L,0.1906901306,1,23.16183689,2,23.45401934,3,23.5978767,4,23.52208563
ULL-STD-20,9/14/2018,11:16:47 AM,0,Se 196.026,Se,13561.24916,1.282683527,19.52052486,19.52,1.279765879,mg/L,0.2498170166,1,19.33360122,2,19.6814147,3,19.78460028,4,19.28248324
ULL-STD-20,9/14/2018,11:16:47 AM,0,Si 251.611,Si,175625.972,0.8941082891,19.26312292,19.26,0.8955526219,mg/L,0.1725114024,1,19.02179363,2,19.30547458,3,19.29386942,4,19.43135406
ULL-STD-20,9/14/2018,11:16:47 AM,0,Zn 206.200,Zn,367985.4635,1.031163272,27.339392,27.34,1.034565358,mg/L,0.2828438786,1,27.03081932,2,27.40873667,3,27.69497335,4,27.22303866
ULL-STD-20,9/14/2018,11:16:47 AM,0,P 213.617,P,-42605.19398,0.9680358786,-47.84236023,-47.84,0.965619689,mg/L,0.46197525,1,-47.27519054,2,-47.90024619,3,-48.40158885,4,-47.79241533
ULL-STD-5,9/14/2018,11:18:58 AM,0,Y 371.029,Y,466992.4457,0.9610746424,1.253754924,1.254,0.9610746424,mg/L,0.01204952065,1,1.251054023,2,1.271465685,3,1.245260302,4,1.247239686
ULL-STD-5,9/14/2018,11:18:58 AM,0,Al 396.153,Al,257369.0255,1.482333993,4.433307282,4.433,1.3397848,mg/L,0.05939677709,1,4.495646658,2,4.454911956,3,4.428129755,4,4.354540761
ULL-STD-5,9/14/2018,11:18:58 AM,0,Ca 317.933,Ca,183680.8786,0.6409478464,5.940252229,5.940,0.6222283281,mg/L,0.03696193213,1,5.936104857,2,5.89346827,3,5.982974973,4,5.948460815
ULL-STD-5,9/14/2018,11:18:58 AM,0,Cr 267.716,Cr,119750.9546,0.4353463055,5.708848238,5.709,0.4455587402,mg/L,0.02543627229,1,5.698053544,2,5.678048021,3,5.731965679,4,5.72732571
ULL-STD-5,9/14/2018,11:18:58 AM,0,Cu 327.393,Cu,137436.3234,0.4074740244,4.550056012,4.550,0.4071451534,mg/L,0.01852533253,1,4.561275891,2,4.560539293,3,4.555911696,4,4.522497167
ULL-STD-5,9/14/2018,11:18:58 AM,0,Fe 238.204,Fe,176278.7794,0.4584065984,5.682049577,5.682,0.470894022,mg/L,0.02675643178,1,5.67868784,2,5.648579748,3,5.713463572,4,5.687467147
ULL-STD-5,9/14/2018,11:18:58 AM,0,K 766.490,K,5468.313418,2.059680347,4.269215443,4.269,1.956757128,mg/L,0.08353817747,1,4.271358148,2,4.300664065,3,4.153986843,4,4.350852714
ULL-STD-5,9/14/2018,11:18:58 AM,0,Mg 285.213,Mg,370966.7413,0.5492232794,4.396638798,4.397,0.5908694538,mg/L,0.02597839565,1,4.411758081,2,4.413767455,3,4.40268105,4,4.358348607
ULL-STD-5,9/14/2018,11:18:58 AM,0,Mn 257.610,Mn,1137762.586,0.4260949117,5.414392897,5.414,0.4553488794,mg/L,0.02465437739,1,5.411869135,2,5.382856944,3,5.442436318,4,5.420409193
ULL-STD-5,9/14/2018,11:18:58 AM,0,Mo 202.031,Mo,22638.23918,0.5411299415,5.436310935,5.436,0.5568807541,mg/L,0.03027376933,1,5.429068895,2,5.397552808,3,5.467583144,4,5.451038892
ULL-STD-5,9/14/2018,11:18:58 AM,0,Na 589.592,Na,15441.22516,0.5874797949,4.001341278,4.001,0.5713603416,mg/L,0.0228620772,1,4.008290421,2,4.015120045,3,3.967365297,4,4.01458935
ULL-STD-5,9/14/2018,11:18:58 AM,0,Ni 231.604,Ni,49941.87016,0.4704204283,5.764803472,5.765,0.4833118826,mg/L,0.02786198019,1,5.759635653,2,5.728008711,3,5.791610567,4,5.779958956
ULL-STD-5,9/14/2018,11:18:58 AM,0,Pb 220.353,Pb,9349.584254,1.279815926,5.749506538,5.750,1.266657181,mg/L,0.07282653744,1,5.80722022,2,5.643352134,3,5.782040599,4,5.765413198
ULL-STD-5,9/14/2018,11:18:58 AM,0,Se 196.026,Se,3372.240761,1.552617125,4.887479284,4.887,1.538511762,mg/L,0.07519444365,1,4.957618982,2,4.785576682,3,4.879335181,4,4.92738629
ULL-STD-5,9/14/2018,11:18:58 AM,0,Si 251.611,Si,42766.43851,0.3316868864,4.667196453,4.667,0.333898331,mg/L,0.01558369106,1,4.666397383,2,4.655097094,3,4.689430732,4,4.657860603
ULL-STD-5,9/14/2018,11:18:58 AM,0,Zn 206.200,Zn,92297.54801,0.7832642601,6.789648071,6.790,0.7936698727,mg/L,0.0538873912,1,6.768042475,2,6.724028253,3,6.841466087,4,6.825055468
ULL-STD-5,9/14/2018,11:18:58 AM,0,P 213.617,P,-10714.82106,0.6928258476,-12.12130284,-12.12,0.6860004662,mg/L,0.08315219396,1,-12.11926377,2,-12.01484016,3,-12.13361276,4,-12.21749466
P-50,9/14/2018,11:21:06 AM,0,Y 371.029,Y,484646.1429,1.320926374,1.301150572,1.301,1.320926374,mg/L,0.01718724107,1,1.295688242,2,1.286692214,3,1.326092667,4,1.296129166
P-50,9/14/2018,11:21:06 AM,0,Al 396.153,Al,-12621.78978,4.096251469,0.2298220639,0.230,3.502485665,mg/L,0.008049484844,1,0.2242616269,2,0.2298649433,3,0.2239715281,4,0.2411901575
P-50,9/14/2018,11:21:06 AM,0,Ca 317.933,Ca,-13341.14188,0.9927812605,-0.2453614537,-0.245,1.694760222,mg/L,0.004158288318,1,-0.242337341,2,-0.2453733396,3,-0.2512374602,4,-0.2424976741
P-50,9/14/2018,11:21:06 AM,0,Cr 267.716,Cr,70.6995213,25.99258679,-0.1304697253,-0.130,0.6872200884,mg/L,0.0008966141613,1,-0.1300852647,2,-0.1296500685,3,-0.130413318,4,-0.1317302498
P-50,9/14/2018,11:21:06 AM,0,Cu 327.393,Cu,215.7336305,6.012373038,0.01080878907,0.011,3.969641471,mg/L,0.0004290701733,1,0.01113816424,2,0.01074399559,3,0.01112628467,4,0.01022671177
P-50,9/14/2018,11:21:06 AM,0,Fe 238.204,Fe,-409.3286921,9.91881338,-0.1683377717,-0.168,0.798596925,mg/L,0.001344340269,1,-0.1665813141,2,-0.1680171682,3,-0.1691804313,4,-0.1695721732
P-50,9/14/2018,11:21:06 AM,0,K 766.490,K,1744.078107,5.374645252,1.506927891,1.507,4.613760393,mg/L,0.06952604219,1,1.514047275,2,1.406617252,3,1.558339989,4,1.548707048
P-50,9/14/2018,11:21:06 AM,0,Mg 285.213,Mg,-10090.83706,0.7894262965,-0.4620492706,-0.462,0.2198259246,mg/L,0.001015704081,1,-0.4609529992,2,-0.4619831849,3,-0.4634093102,4,-0.4618515881
P-50,9/14/2018,11:21:06 AM,0,Mn 257.610,Mn,-15.19037705,791.7216376,-0.3718077518,-0.372,0.1644972611,mg/L,0.0006116135684,1,-0.3709750301,2,-0.3717223327,3,-0.3722664182,4,-0.3722672262
P-50,9/14/2018,11:21:06 AM,0,Mo 202.031,Mo,74.77753764,11.81508107,-0.1397565045,-0.140,1.562277308,mg/L,0.002183384157,1,-0.1370569084,2,-0.1391737607,3,-0.1405954237,4,-0.1421999251
P-50,9/14/2018,11:21:06 AM,0,Na 589.592,Na,220728.9517,2.901554745,55.73866762,55.74,2.89583947,mg/L,1.614102337,1,53.88123462,2,56.97683868,3,54.89914423,4,57.19745294
P-50,9/14/2018,11:21:06 AM,0,Ni 231.604,Ni,-8.624751133,180.6873672,-0.1590021621,-0.159,1.162337734,mg/L,0.001848142129,1,-0.1569081544,2,-0.1599349963,3,-0.15811345,4,-0.1610520477
P-50,9/14/2018,11:21:06 AM,0,Pb 220.353,Pb,-7.018358619,72.26969408,0.05484342837,0.055,5.628815691,mg/L,0.003087035501,1,0.05567434323,2,0.05154709062,3,0.05343096046,4,0.05872131915
P-50,9/14/2018,11:21:06 AM,0,Se 196.026,Se,31.40089237,15.74651934,0.08949893684,0.089,7.934352477,mg/L,0.007101161112,1,0.08061592773,2,0.09403691013,3,0.087070436,4,0.09627247348
P-50,9/14/2018,11:21:06 AM,0,Si 251.611,Si,1805.436536,3.109929406,0.1672275215,0.167,3.688620267,mg/L,0.006168388251,1,0.173675598,2,0.171285493,3,0.1612985918,4,0.1626504034
P-50,9/14/2018,11:21:06 AM,0,Zn 206.200,Zn,-95.07704032,14.8329315,-0.0972870452,-0.097,1.080528725,mg/L,0.001051214469,1,-0.09606535901,2,-0.09675447597,3,-0.09817646941,4,-0.09815187641
P-50,9/14/2018,11:21:06 AM,0,P 213.617,P,46606.02709,1.945894112,52.08494873,52.08,1.950355389,mg/L,1.015841604,1,52.29966366,2,52.79127941,3,52.65559866,4,50.59325318
Na/Fe/Al 50mg/L,9/14/2018,11:23:08 AM,11,Y 371.029,Y,465662.4455,1.253269662,1.250184214,1.250,1.253269662,mg/L,0.01566817948,1,1.247939998,2,1.272181544,3,1.235185949,4,1.245429367
Na/Fe/Al 50mg/L,9/14/2018,11:23:08 AM,11,Al 396.153,Al,2671809.796,1.214575955,42.02371967,42.02,1.202254082,mg/L,0.5052318851,1,41.42701398,2,42.589337,3,41.82794195,4,42.25058575
Na/Fe/Al 50mg/L,9/14/2018,11:23:08 AM,11,Ca 317.933,Ca,-7373.041135,4.894796707,-0.05798967909,-0.058,19.53883364,mg/L,0.01133050692,1,-0.06332870263,2,-0.05764083644,3,-0.04237850414,4,-0.06861067313
Na/Fe/Al 50mg/L,9/14/2018,11:23:08 AM,11,Cr 267.716,Cr,43.74310569,17.01758356,-0.1317849554,-0.132,0.2756013177,mg/L,0.0003632010737,1,-0.1317676722,2,-0.1313293665,3,-0.1322164313,4,-0.1318263517
Na/Fe/Al 50mg/L,9/14/2018,11:23:08 AM,11,Cu 327.393,Cu,129.5327064,11.94573208,0.00795726871,0.008,6.432691748,mg/L,0.0005118665676,1,0.007334940397,2,0.008349418104,3,0.007741860584,4,0.008402855752
Na/Fe/Al 50mg/L,9/14/2018,11:23:08 AM,11,Fe 238.204,Fe,1975260.996,0.208893663,65.24883601,65.25,0.2093892039,mg/L,0.1366240183,1,65.25751381,2,65.05483615,3,65.36510833,4,65.31788574
Na/Fe/Al 50mg/L,9/14/2018,11:23:08 AM,11,K 766.490,K,478.067281,17.1907317,0.5679201075,0.568,10.7331676,mg/L,0.06095581699,1,0.5009849961,2,0.5411361187,3,0.5868734864,4,0.642685829
Na/Fe/Al 50mg/L,9/14/2018,11:23:08 AM,11,Mg 285.213,Mg,123906.1242,4.352241773,1.246483701,1.246,5.516296431,mg/L,0.06875973594,1,1.277171793,2,1.275609003,3,1.289394725,4,1.143759285
Na/Fe/Al 50mg/L,9/14/2018,11:23:08 AM,11,Mn 257.610,Mn,119577.9279,2.159605161,0.2363863903,0.236,5.555702148,mg/L,0.01313292376,1,0.2425942176,2,0.2357574349,3,0.2488108698,4,0.2183830389
Na/Fe/Al 50mg/L,9/14/2018,11:23:08 AM,11,Mo 202.031,Mo,-14.00209038,21.26401449,-0.1616964533,-0.162,0.4550508508,mg/L,0.0007358010865,1,-0.162637631,2,-0.1616577866,3,-0.1616511757,4,-0.1608392199
Na/Fe/Al 50mg/L,9/14/2018,11:23:08 AM,11,Na 589.592,Na,158896.5463,2.400633509,40.15544991,40.16,2.394069875,mg/L,0.9613495294,1,40.98960439,2,38.77703274,3,40.54720614,4,40.30795636
Na/Fe/Al 50mg/L,9/14/2018,11:23:08 AM,11,Ni 231.604,Ni,97.96198518,9.873766702,-0.1463616645,-0.146,0.7837437738,mg/L,0.001147100433,1,-0.1463567167,2,-0.146035327,3,-0.1479031929,4,-0.1451514216
Na/Fe/Al 50mg/L,9/14/2018,11:23:08 AM,11,Pb 220.353,Pb,-15.73803197,111.022538,0.04953641639,0.050,21.46776541,mg/L,0.01063436166,1,0.03551529797,2,0.04704001267,3,0.05767091506,4,0.05791943985
Na/Fe/Al 50mg/L,9/14/2018,11:23:08 AM,11,Se 196.026,Se,14.01072351,41.78885558,0.06452387318,0.065,13.0317703,mg/L,0.008408602944,1,0.05414802824,2,0.07029767682,3,0.06132355529,4,0.07232623238
Na/Fe/Al 50mg/L,9/14/2018,11:23:08 AM,11,Si 251.611,Si,-329.0274574,31.99852133,-0.06726434123,-0.067,17.1955512,mg/L,0.01156647424,1,-0.07443583706,2,-0.05091713729,3,-0.06734710151,4,-0.07635728907
Na/Fe/Al 50mg/L,9/14/2018,11:23:08 AM,11,Zn 206.200,Zn,1668.008593,1.041805747,0.03413314504,0.034,3.794874441,mg/L,0.001295309997,1,0.03512328957,2,0.03229839276,3,0.03496171283,4,0.03414918503
Na/Fe/Al 50mg/L,9/14/2018,11:23:08 AM,11,P 213.617,P,63514.86882,2.570819624,71.02488735,71.02,2.575141907,mg/L,1.828991638,1,71.87562974,2,71.25349442,3,72.56813241,4,68.40229281
Na/Fe/Al 20mg/L,9/14/2018,11:25:17 AM,12,Y 371.029,Y,471867.7815,0.563920628,1.26684395,1.267,0.563920628,mg/L,0.007143994359,1,1.274216915,2,1.26865049,3,1.257089214,4,1.26741918
Na/Fe/Al 20mg/L,9/14/2018,11:25:17 AM,12,Al 396.153,Al,1305984.655,1.425057565,20.75919708,20.76,1.395791226,mg/L,0.2897550516,1,20.52517636,2,21.13751218,3,20.53944311,4,20.83465669
Na/Fe/Al 20mg/L,9/14/2018,11:25:17 AM,12,Ca 317.933,Ca,-3288.801603,8.114899202,0.07023724632,0.070,11.9294756,mg/L,0.008378935159,1,0.06636666832,2,0.07902496161,3,0.07506994744,4,0.06048740791
Na/Fe/Al 20mg/L,9/14/2018,11:25:17 AM,12,Cr 267.716,Cr,2.501269971,495.0767624,-0.1337971854,-0.134,0.4515706965,mg/L,0.0006041888819,1,-0.1333894724,2,-0.1335445629,3,-0.1335585547,4,-0.1346961515
Na/Fe/Al 20mg/L,9/14/2018,11:25:17 AM,12,Cu 327.393,Cu,218.2214788,6.546097763,0.01089108691,0.011,4.338836778,mg/L,0.0004725464844,1,0.01042735578,2,0.0115460549,3,0.01073388464,4,0.01085705232
Na/Fe/Al 20mg/L,9/14/2018,11:25:17 AM,12,Fe 238.204,Fe,976888.3055,0.2470682245,32.191337,32.19,0.2482561928,mg/L,0.07991698766,1,32.15925149,2,32.19040584,3,32.30161308,4,32.1140776
Na/Fe/Al 20mg/L,9/14/2018,11:25:17 AM,12,K 766.490,K,273.1205227,25.73250825,0.4159098741,0.416,12.5334028,mg/L,0.0521276598,1,0.4506887966,2,0.4236991153,3,0.4492866042,4,0.3399649802
Na/Fe/Al 20mg/L,9/14/2018,11:25:17 AM,12,Mg 285.213,Mg,58467.40859,2.401064453,0.4121050543,0.412,4.343483112,mg/L,0.01789971344,1,0.3948473682,2,0.43674938,3,0.4122030062,4,0.4046204628
Na/Fe/Al 20mg/L,9/14/2018,11:25:17 AM,12,Mn 257.610,Mn,58086.12589,0.8914650202,-0.07633188556,-0.076,3.449902101,mg/L,0.002633375324,1,-0.07938713911,2,-0.07327123185,3,-0.07530944983,4,-0.07735972145
Na/Fe/Al 20mg/L,9/14/2018,11:25:17 AM,12,Mo 202.031,Mo,-17.92203611,27.47381796,-0.1626651824,-0.163,0.7480558927,mg/L,0.001216826482,1,-0.1608687818,2,-0.1634773803,3,-0.1629689326,4,-0.1633456347
Na/Fe/Al 20mg/L,9/14/2018,11:25:17 AM,12,Na 589.592,Na,78690.2414,0.7539928416,19.94157818,19.94,0.7498416702,mg/L,0.1495302629,1,19.88015343,2,19.81108262,3,19.91951481,4,20.15556186
Na/Fe/Al 20mg/L,9/14/2018,11:25:17 AM,12,Ni 231.604,Ni,40.55907539,17.00734146,-0.1531692784,-0.153,0.5340892242,mg/L,0.0008180606106,1,-0.1528560772,2,-0.1527415889,3,-0.1526876097,4,-0.1543918378
Na/Fe/Al 20mg/L,9/14/2018,11:25:17 AM,12,Pb 220.353,Pb,-12.29842869,57.3289627,0.05162984524,0.052,8.311372363,mg/L,0.004291148688,1,0.05288859464,2,0.04684628152,3,0.0498877709,4,0.05689673391
Na/Fe/Al 20mg/L,9/14/2018,11:25:17 AM,12,Se 196.026,Se,15.24018446,67.92539792,0.06628957572,0.066,22.42745429,mg/L,0.0148670643,1,0.06257806166,2,0.05657146208,3,0.08824732701,4,0.05776145215
Na/Fe/Al 20mg/L,9/14/2018,11:25:17 AM,12,Si 251.611,Si,-635.428061,1.486081586,-0.1009254611,-0.101,1.027891427,mg/L,0.001037404162,1,-0.1010209322,2,-0.09973130234,3,-0.1022461463,4,-0.1007034635
Na/Fe/Al 20mg/L,9/14/2018,11:25:17 AM,12,Zn 206.200,Zn,1443.311968,0.9637730828,0.01738428573,0.017,5.964401065,mg/L,0.001036868523,1,0.01714268678,2,0.0174682669,3,0.01871757546,4,0.01620861375
Na/Fe/Al 20mg/L,9/14/2018,11:25:17 AM,12,P 213.617,P,30790.26821,0.9835493352,34.3693945,34.37,0.9869665826,mg/L,0.3392144384,1,33.96056815,2,34.79040123,3,34.38253289,4,34.34407574
Na/Fe/Al 5mg/L,9/14/2018,11:27:27 AM,13,Y 371.029,Y,474675.0501,0.8365899639,1.274380746,1.274,0.8365899639,mg/L,0.01066134142,1,1.261934367,2,1.280638018,3,1.269482356,4,1.285468242
Na/Fe/Al 5mg/L,9/14/2018,11:27:27 AM,13,Al 396.153,Al,109785.8268,4.094548028,2.135585436,2.136,3.277146302,mg/L,0.06998625915,1,2.054402692,2,2.151534065,3,2.114716572,4,2.221688416
Na/Fe/Al 5mg/L,9/14/2018,11:27:27 AM,13,Ca 317.933,Ca,-9674.716619,1.02965996,-0.130252035,-0.130,2.401129508,mg/L,0.003127520047,1,-0.1336751875,2,-0.130519465,3,-0.1260889373,4,-0.1307245501
Na/Fe/Al 5mg/L,9/14/2018,11:27:27 AM,13,Cr 267.716,Cr,-21.5844303,44.65218424,-0.1349723505,-0.135,0.3483999671,mg/L,0.0004702436247,1,-0.1343075479,2,-0.1351570903,3,-0.1350225587,4,-0.1354022051
Na/Fe/Al 5mg/L,9/14/2018,11:27:27 AM,13,Cu 327.393,Cu,195.4956773,4.598789436,0.01013931903,0.010,2.933164706,mg/L,0.0002974029273,1,0.009696253994,2,0.01026024663,3,0.01033594844,4,0.01026482707
Na/Fe/Al 5mg/L,9/14/2018,11:27:27 AM,13,Fe 238.204,Fe,102412.9623,0.3881475759,3.23625033,3.236,0.4067120123,mg/L,0.01316221884,1,3.250616974,2,3.241006294,3,3.234033249,4,3.219344801
Na/Fe/Al 5mg/L,9/14/2018,11:27:27 AM,13,K 766.490,K,104.5270688,91.86481101,0.2908631034,0.291,24.48618335,mg/L,0.07122127279,1,0.2401503572,2,0.3356989075,3,0.3666648296,4,0.2209383192
Na/Fe/Al 5mg/L,9/14/2018,11:27:27 AM,13,Mg 285.213,Mg,30.710223,351.8054524,-0.3329941256,-0.333,0.4136922439,mg/L,0.00137757087,1,-0.3339653548,2,-0.3321933072,3,-0.3343396522,4,-0.3314781882
Na/Fe/Al 5mg/L,9/14/2018,11:27:27 AM,13,Mn 257.610,Mn,5433.927558,1.96847556,-0.3440961104,-0.344,0.1580884536,mg/L,0.0005439762198,1,-0.3434404084,2,-0.344225306,3,-0.3439704616,4,-0.3447482654
Na/Fe/Al 5mg/L,9/14/2018,11:27:27 AM,13,Mo 202.031,Mo,-10.64948013,16.7488566,-0.1608679288,-0.161,0.2740099857,mg/L,0.0004407941887,1,-0.1608543066,2,-0.1607634555,3,-0.1603955515,4,-0.1614584015
Na/Fe/Al 5mg/L,9/14/2018,11:27:27 AM,13,Na 589.592,Na,8571.796276,1.229717761,2.270083936,2.270,1.17024385,mg/L,0.02656551766,1,2.266710184,2,2.234776072,3,2.281974274,4,2.296875215
Na/Fe/Al 5mg/L,9/14/2018,11:27:27 AM,13,Ni 231.604,Ni,-24.57111294,19.85190596,-0.1608932975,-0.161,0.3595423805,mg/L,0.0005784795918,1,-0.1616465533,2,-0.1606875033,3,-0.1609690759,4,-0.1602700575
Na/Fe/Al 5mg/L,9/14/2018,11:27:27 AM,13,Pb 220.353,Pb,-10.95912616,50.0526574,0.05244497837,0.052,6.365741634,mg/L,0.003338511823,1,0.05461694566,2,0.04891292866,3,0.05589262273,4,0.05035741642
Na/Fe/Al 5mg/L,9/14/2018,11:27:27 AM,13,Se 196.026,Se,33.94462615,27.27358752,0.09315214536,0.093,14.27326212,mg/L,0.01329584987,1,0.1116916859,2,0.0852227228,3,0.08203927848,4,0.09365489428
Na/Fe/Al 5mg/L,9/14/2018,11:27:27 AM,13,Si 251.611,Si,-655.2917242,5.417143945,-0.1031076798,-0.103,3.782274009,mg/L,0.003899814976,1,-0.09752280054,2,-0.1041828579,3,-0.1066095435,4,-0.1041155174
Na/Fe/Al 5mg/L,9/14/2018,11:27:27 AM,13,Zn 206.200,Zn,2291.751765,1.500530404,0.08062688575,0.081,3.179224332,mg/L,0.00256330957,1,0.08327958133,2,0.08002221343,3,0.08186252516,4,0.07734322306
Na/Fe/Al 5mg/L,9/14/2018,11:27:27 AM,13,P 213.617,P,3059.325208,1.78028826,3.307399438,3.307,1.844565295,mg/L,0.06100714218,1,3.367958173,2,3.317281021,3,3.321776097,4,3.22258246
